Keyword,Category
违规,法律
处罚,法律
法律,法律
宪法,法律
封禁,法律
公示,法律
违法,法律
赌博,法律
谩骂,法律
恶意,法律
斗鱼,通用娱乐
直播,通用娱乐
虎牙,通用娱乐
新闻,通用娱乐
淘宝,通用娱乐
体育,通用娱乐
芒果,通用娱乐
天气,通用娱乐
图解,学术
服务器,学术
奥运,通用娱乐
医院,医疗
药物,医疗
爱奇艺,通用娱乐
治疗,医疗
临床,医疗
读书,通用娱乐
小学,通用娱乐
中学,通用娱乐
股票,金融
基金,金融
投资,金融
电影,通用娱乐
电视剧,通用娱乐
综艺,通用娱乐
动漫,通用娱乐
游戏,通用娱乐
音乐,通用娱乐
舞蹈,通用娱乐
烹饪,通用娱乐
美食,通用娱乐
时尚,通用娱乐
通用娱乐,通用娱乐
健身,通用娱乐
科技,通用娱乐
数码,通用娱乐
手机,通用娱乐
电脑,通用娱乐
相机,通用娱乐
家居,通用娱乐
装修,通用娱乐
家电,通用娱乐
金属,学术
化学,学术
物理,学术
生物,学术
地理,学术
政治,学术
经济,学术
心理,学术
历史,学术
文学,学术
语言,学术
哲学,学术
艺术,学术
教育部,通用娱乐
学生,通用娱乐
教师,通用娱乐
考试,通用娱乐
招生,通用娱乐
大学,通用娱乐
智能,科技
人工智能,科技
机器人,科技
大数据,科技
区块链,科技
互联网,科技
软件,科技
硬件,科技
通信,科技
网络安全,科技
银行,金融
信托,金融
债券,金融
理财,金融
股市,金融
期货,金融
外汇,金融
税务,金融
金融,金融
房地产,金融
租赁,金融
借贷,金融
贷款,金融
环保,其他
慈善,其他
志愿者,其他
文化,其他
娱乐圈,通用娱乐
明星,通用娱乐
八卦,通用娱乐
绯闻,通用娱乐
健康,医疗
疾病,医疗
诊断,医疗
检查,医疗
手术,医疗
护理,医疗
口腔,医疗
牙科,医疗
眼科,医疗
耳鼻喉科,医疗
皮肤科,医疗
内科,医疗
外科,医疗
妇产科,医疗
儿科,医疗
心血管,医疗
神经,医疗
肿瘤,医疗
糖尿病,医疗
中药,医疗
西药,医疗
养生,医疗
健康饮食,医疗
饮食文化,通用娱乐
足球,体育
篮球,体育
乒乓球,体育
羽毛球,体育
排球,体育
棒球,体育
冰球,体育
游泳,体育
田径,体育
跳水,体育
滑冰,体育
滑雪,体育
登山,体育
马术,体育
赛车,体育
摩托车,体育
自行车,体育
学术,通用娱乐
航天,通用娱乐
战争,通用娱乐
军事,通用娱乐
犯罪,通用娱乐
侦探,通用娱乐
恐怖,通用娱乐
惊悚,通用娱乐
科幻,通用娱乐
奇幻,通用娱乐
文艺,通用娱乐
动作,通用娱乐
喜剧,通用娱乐
爱情,通用娱乐
悬疑,通用娱乐
历史剧,通用娱乐
古装,通用娱乐
现代,通用娱乐
武侠,通用娱乐
军旅,通用娱乐
家庭,通用娱乐
都市,通用娱乐
偶像剧,通用娱乐
校园,通用娱乐
穿越,通用娱乐
网游,通用娱乐
手游,通用娱乐
主机游戏,通用娱乐
手机游戏,通用娱乐
电竞,通用娱乐
棋牌,通用娱乐
卡牌,通用娱乐
策略,通用娱乐
角色扮演,通用娱乐
动作游戏,通用娱乐
射击游戏,通用娱乐
体育游戏,通用娱乐
育儿,通用娱乐
家教,通用娱乐
亲子,通用娱乐
婚姻,通用娱乐
情感,通用娱乐
星座,通用娱乐
算命,通用娱乐
占卜,通用娱乐
风水,通用娱乐
健康管理,医疗
心理咨询,医疗
药物治疗,医疗
体检,医疗
瑜伽,健身
普拉提,通用娱乐
有氧运动,通用娱乐
无氧运动,通用娱乐
器械训练,通用娱乐
户外运动,通用娱乐
游泳健身,通用娱乐
游戏开发,通用娱乐
编程教育,通用娱乐
在线教育,通用娱乐
远程教育,通用娱乐
语言教育,通用娱乐
驾校,通用娱乐
医学教育,通用娱乐
机械制造,科技
人才招聘,通用娱乐
职业规划,通用娱乐
医药研发,医疗
医疗器械,医疗
医疗保健,医疗
医疗设备,医疗
医疗服务,医疗
电商平台,通用娱乐
B2B电商,通用娱乐
B2C电商,通用娱乐
C2C电商,通用娱乐
跨境电商,通用娱乐
社交网络,通用娱乐
即时通讯,通用娱乐
论坛,通用娱乐
博客,通用娱乐
微博,通用娱乐
微信,通用娱乐
抖音,通用娱乐
快手,通用娱乐
电影票务,通用娱乐
演唱会票务,通用娱乐
体育赛事票务,通用娱乐
旅游门票,通用娱乐
舞台剧票务,通用娱乐
公益组织,通用娱乐
社会福利,通用娱乐
环境保护,通用娱乐
救助帮扶,通用娱乐
慈善机构,通用娱乐
网络营销,通用娱乐
品牌策划,通用娱乐
广告设计,通用娱乐
市场调研,通用娱乐
营销推广,通用娱乐
公关活动,通用娱乐
销售管理,金融
渠道管理,金融
客户关系管理,金融
售后服务,金融
物流管理,金融
仓储管理,金融
供应链管理,金融
运输管理,金融
快递服务,金融
人力资源管理,学术
招聘管理,学术
员工培训,学术
绩效考核,学术
薪酬福利,学术
劳动法律,法律
知识产权,法律
合同法律,法律
公司法律,法律
刑事法律,法律
民事法律,法律
税务法律,法律
财务管理,金融
会计核算,金融
财务分析,金融
投资理财,金融
风险管理,金融
保险服务,金融
车险,金融
意外险,金融
健康险,金融
家财险,金融
旅游险,金融
信用卡,金融
贷款服务,金融
股票投资,金融
基金投资,金融
期货投资,金融
外汇投资,金融
银行服务,金融
房地产中介,金融
房屋租赁,金融
房屋买卖,金融
房屋评估,金融
房屋装修,金融
物业管理,金融
汽车销售,通用娱乐
汽车维修,通用娱乐
汽车美容,通用娱乐
汽车租赁,通用娱乐
汽车配件,通用娱乐
二手车交易,通用娱乐
航空公司,学术
机场服务,学术
航空货运,学术
航空维修,学术
旅游度假,通用娱乐
出境游,通用娱乐
国内游,通用娱乐
主题旅游,通用娱乐
邮轮旅游,通用娱乐
景点门票,通用娱乐
酒店预订,通用娱乐
民宿预订,通用娱乐
度假村预订,通用娱乐
酒店点评,通用娱乐
餐饮服务,通用娱乐
快餐连锁,通用娱乐
饭店,通用娱乐
咖啡馆,通用娱乐
茶餐厅,通用娱乐
烧烤店,通用娱乐
火锅店,通用娱乐
面包糕点,通用娱乐
生活服务,通用娱乐
洗衣服务,通用娱乐
家政服务,通用娱乐
搬家服务,通用娱乐
婚庆服务,通用娱乐
摄影服务,通用娱乐
宠物服务,通用娱乐
美容美发,通用娱乐
美甲服务,通用娱乐
美容整形,通用娱乐
化妆品,通用娱乐
香水,通用娱乐
